"_RowNumber","ID_SolicitudesConfiabilidad","InformacionEvaluado","NSolicitud","EstadoActual","EstadoSiguiente","EstadoActualEP","EstadoSiguienteEP","MotivoCancelación","ID_Cliente","RazonSocial","TipoCliente","NIT","FechaSolicitud","JobOrderATS","ClienteProyectoInterno","ClienteProyectoExterno","Linea","CentroCostos","LineaNegocio","CentroCostosExterno","CentroUtilidad","NombreCompleto","TipoIdentificacion","Identificacion","FechaExpedicion","Cargo","Correo","Celular","Ciudad","Direccion","Barrio","EstadoCivil","TipoTrabajador","ServicioAplicar","VisitaDomiciliaria","ModalidadVisita","AsignadoVD","ConsultaAntecedentes","AsignadoCA","Referenciacion","ReferenciaAcademica","ReferenciaLaboral","ReferenciaPersonal","AsignadoR","AsignadoRP","EstudiosPoligrafia","TipoPoligrafia","AsignadoEP","CiudadP","Notas","ConsultaDatacredito","ComparativoOEA","CadenaTarifa","TipoCobro","CobroPoligrafia","CobroConfiabilidad","CobroServicios","ContadorFreelance","ArchivoInforme","Error","ObservacionesCoordinador","UsuarioCreación","UsuarioActualizacion","FechaActualizacion","Generado","Facturacion","Asignacion","FechaSolicitudSinHora","FechaEstimadaEntregaConfiabilidadVisitaDomiciliaria","FechaEstimadaEntregaPoligrafia","DiasEnCursoConfiabilidad","DiasEnCursoPoligrafia","FechaEstimadaEntregaConfiabilidadReferencias","FechaEntregaConfiabilidadAntecedentes","FechaEntregaConfiabilidadDatacredito","CobroPoligrafiaEJ","CobroConfiabilidadEJ","PrecioVisitaFreelance","CobroServiciosEJ","PrecioVisitaEJ","PrecioAntecedentesEJ","PrecioReferenciaPersonalEJ","PrecioReferenciaLaboralEJ","PrecioConsultaDatacreditoEJ","PrecioReferenciaAcademicaEJ","PagoFreelanceVD","PagoAdicionalVD","ValorMoraVD","UsuarioCierreCI","FechaCierreCI","UsuarioCierrePR","FechaCierrePR","UsuarioCierreAN","FechaCierreAN","UsuarioCierreEU","FechaCierreEU","UsuarioCierreEX","FechaCierreEX","NombreServicioReferenciacion","PrecioReferenciaLaboralFreelance","PrecioReferenciaAcademicaFreelance","PagoFreelanceReferenciacion","PagoAdicionalReferencias","ValorMoraReferenciacion","NombreServicioReferenciacionPersonal","PrecioReferenciaPersonalFreelance","PagoFreelanceReferenciaPersonal","ValorMoraReferenciasP","PagoAdicionalReferenciasP","CadenaTarifaEJ","Related conServiciosAplicars","Fecha Solicitud sin hora","Related conRegistroFotograficos","Related conAutFirmadas","Related conDocumentosSolicituds","New Virtual Column","New Virtual Column 1","ContarVisita","Related conInformeVisitaDoms","conteoServicios","fechaSolicitudHora","Coteo Data","Related conHistoricoEstSolicituds","Estado Final Solicitud","TieneEstuConfiabilidadInicial","FechaMaxConfiabilidadCierre","TieneEstuPoligrafiaInicial","FechaMaxPoligrafiaCierre","Estado Final Poligrafia","Related conInformeAntecedentes",
"2,329","124aa1ba","","2024955","En proceso","","","","","ADECCO COLOMBIA S A","ADECCO COLOMBIA S A","Externo","860,050,906","5/28/2026 9:51:04 AM","","","","","","","","","Miguel Angel Quiñones Molina","Cédula de Ciudadanía","1118558725","","AYUDANTE","juli04m94@gmail.com","3208878875","CUNDINAMARCA-SOPÓ","SOPO","","","Nuevo","","Y","Virtual","MARÍA FERNANDA PÉREZ GUATIBONZA","Y","Antecedentes.1","Y","Y","Y","N","MARÍA FERNANDA PÉREZ GUATIBONZA","MARÍA FERNANDA PÉREZ GUATIBONZA","N","","","","Solicitado por:Gynna Aya","N","N","Antec + Referencia Académica + laboral + Visita virtual +","Paquete","0.00","128,239.00","128,239.00","","","","","nykole.bolaos@co.g4s.com","poligrafias.confiabilidad@co.g4s.com","5/28/2026 9:51:30 AM","No Generado","","Masivo","5/28/2026","5/28/2026","5/28/2026","","","5/28/2026","5/28/2026","5/28/2026","","","","","","","","","","","","","","","5/28/2026 9:51:04 AM","","5/28/2026 9:51:04 AM","","5/28/2026 9:51:04 AM","","5/28/2026 9:51:04 AM","","5/28/2026 9:51:04 AM","","","","","","","","","","","","","12b3f873 , 2b5ad86c , 3644116c , 94195d89","5/28/2026","","","","N","","1","a052a4ed","4","5","0","","Abierta","Y","","N","","","",
"22,381","a734072d","","36481635383","En proceso","","","","","G4S SUROCCIDENTE","G4S SUROCCIDENTE","Interno","860,013,951","5/28/2026 11:26:31 AM","","","","SECURE","017-GUARDAS DE SEGURIDAD","012-VIGILANCIA","","7","BOTERO ARENAS  ERNESTO  ANTONIO","Cédula de Ciudadanía","1192920378","","vigilante","","3332771971","VALLE DEL CAUCA-CALI","cali","","","Nuevo","","N","","","Y","Antecedentes.1","N","","","","","","N","","","","","N","N","Antec +","Individual","","25,000.00","25,000.00","","","","","luisa.pinzon@co.g4s.com","poligrafias.confiabilidad@co.g4s.com","5/28/2026 11:29:02 AM","No Generado","","_LISTO__LISTO__LISTO__LISTO_","5/28/2026","","","","","","5/29/2026","","","","","","","","","","","","","","","","5/28/2026 11:26:31 AM","","5/28/2026 11:26:31 AM","","5/28/2026 11:26:31 AM","","5/28/2026 11:26:31 AM","","5/28/2026 11:26:31 AM","","","","","","","","","","","","","5a77539d","5/28/2026","","","","N","","0","","1","5","0","","Abierta","Y","","N","","","",
"22,444","a7bc3904","","9507275","En proceso","","","","","ADECCO COLOMBIA S A","ADECCO COLOMBIA S A","Externo","860,050,906","5/28/2026 10:43:05 AM","","","","","","","","","Luis Antonio Escorcia Movilla","Cédula de Ciudadanía","1129486429","","AYUDANTE","Luisantonioescorciamovilla6@gmail.com","3017224253","ATLANTICO-GALAPA","GALAPA","","","Nuevo","","Y","Virtual","MARÍA FERNANDA PÉREZ GUATIBONZA","Y","Antecedentes.1","Y","Y","Y","N","MARÍA FERNANDA PÉREZ GUATIBONZA","MARÍA FERNANDA PÉREZ GUATIBONZA","N","","","","Solicitado por:
Yirnory Viuche Carvajal","N","N","Antec + Referencia Académica + laboral + Visita virtual +","Paquete","0.00","128,239.00","128,239.00","","","","","nykole.bolaos@co.g4s.com","poligrafias.confiabilidad@co.g4s.com","5/28/2026 10:44:02 AM","No Generado","","Masivo","5/28/2026","5/28/2026","5/28/2026","","","5/28/2026","5/28/2026","5/28/2026","","","","","","","","","","","","","","","5/28/2026 10:43:05 AM","","5/28/2026 10:43:05 AM","","5/28/2026 10:43:05 AM","","5/28/2026 10:43:05 AM","","5/28/2026 10:43:05 AM","","","","","","","","","","","","","49baf01a , a1eb6ae3 , a40f63c3 , cc15267b","5/28/2026","","","","N","","1","66ed7204","4","5","0","","Abierta","Y","","N","","","",
"22,540","a851b0cc","","1289382","En proceso","","","","","ADECCO COLOMBIA S A","ADECCO COLOMBIA S A","Externo","860,050,906","5/28/2026 10:44:02 AM","","","","","","","","","Luis  Alfredo Solano  Genis","Cédula de Ciudadanía","1001933322","","AYUDANTE","Solanoluisalfredo2@gmail.com","3001049965","ATLANTICO-GALAPA","GALAPA","","","Nuevo","","Y","Virtual","MARÍA FERNANDA PÉREZ GUATIBONZA","Y","Antecedentes.1","Y","Y","Y","N","MARÍA FERNANDA PÉREZ GUATIBONZA","MARÍA FERNANDA PÉREZ GUATIBONZA","N","","","","Solicitado por:
Yirnory Viuche Carvajal","N","N","Antec + Referencia Académica + laboral + Visita virtual +","Paquete","0.00","128,239.00","128,239.00","","","","","nykole.bolaos@co.g4s.com","poligrafias.confiabilidad@co.g4s.com","5/28/2026 10:44:26 AM","No Generado","","Masivo","5/28/2026","5/28/2026","5/28/2026","","","5/28/2026","5/28/2026","5/28/2026","","","","","","","","","","","","","","","5/28/2026 10:44:02 AM","","5/28/2026 10:44:02 AM","","5/28/2026 10:44:02 AM","","5/28/2026 10:44:02 AM","","5/28/2026 10:44:02 AM","","","","","","","","","","","","","a89a4629 , d7339d74 , dfa800ef , fa7ec6f1","5/28/2026","","","","N","","1","57aa1c34","4","5","0","","Abierta","Y","","N","","","",
"22,671","a947ae8e","","3120042","En proceso","","","","","ADECCO COLOMBIA S A","ADECCO COLOMBIA S A","Externo","860,050,906","5/28/2026 10:45:05 AM","","","","","","","","","Dilan José  De avila Rivaldo","Cédula de Ciudadanía","1129565971","","AYUDANTE","dilandeavila04@gmail.com","3246101842","ATLANTICO-GALAPA","GALAPA","","","Nuevo","","Y","Virtual","MARÍA FERNANDA PÉREZ GUATIBONZA","Y","Antecedentes.1","Y","Y","Y","N","MARÍA FERNANDA PÉREZ GUATIBONZA","MARÍA FERNANDA PÉREZ GUATIBONZA","N","","","","Solicitado por:
Yirnory Viuche Carvajal","N","N","Antec + Referencia Académica + laboral + Visita virtual +","Paquete","0.00","128,239.00","128,239.00","","","","","nykole.bolaos@co.g4s.com","poligrafias.confiabilidad@co.g4s.com","5/28/2026 10:45:27 AM","No Generado","","Masivo","5/28/2026","5/28/2026","5/28/2026","","","5/28/2026","5/28/2026","5/28/2026","","","","","","","","","","","","","","","5/28/2026 10:45:05 AM","","5/28/2026 10:45:05 AM","","5/28/2026 10:45:05 AM","","5/28/2026 10:45:05 AM","","5/28/2026 10:45:05 AM","","","","","","","","","","","","","0f5dbf1e , 9b88e13a , e1de216a , ea255352","5/28/2026","","","","N","","1","ac169c01","4","5","0","","Abierta","Y","","N","","","",
"23,817","B18U6ZEB","","2692962","En proceso","","","","","prueba externo","prueba externo","Externo","434,554","5/28/2026 8:21:04 AM","","","","","","","","","Pedro Pablo Ramirez","Cédula de Ciudadanía","1010101010","","Coordinador","pedro.ramirez@test.com","3224445566","BOGOTA D.C.-BOGOTA D.C.","Cra 8 # 15-30","","","Actual","","N","","","Y","Antecedentes.1","Y","Y","Y","Y","andres.quintero@co.g4s.com","andres.quintero@co.g4s.com","N","","","","Prueba 8","Y","Y","Antec + Referencia Académica + laboral + Personal + datacredito +","Individual","","0.00","0.00","","","","","jhoan.gaitan@co.g4s.com","","5/28/2026 8:21:23 AM","No Generado","","Masivo","5/28/2026","5/28/2026","5/28/2026","","","5/28/2026","5/28/2026","5/28/2026","","","","","","","","","","","","","","","5/28/2026 8:21:04 AM","","5/28/2026 8:21:04 AM","","5/28/2026 8:21:04 AM","","5/28/2026 8:21:04 AM","","5/28/2026 8:21:04 AM","","","","","","","","","","","","","07cbc180 , 6698b854 , 79e9c922 , 942a30f4","5/28/2026","","","","N","","1","e3c0d351","4","5","0","","Abierta","Y","","N","","","",
"24,317","b50cd9ce","","9853317","En proceso","","","","","ADECCO COLOMBIA S A","ADECCO COLOMBIA S A","Externo","860,050,906","5/28/2026 10:04:05 AM","","","","","","","","","Jose Luis Polo Gallardo","Cédula de Ciudadanía","1082959578","","AYUDANTE CALIDAD","aby10pv@gmail.com","3114228380","CUNDINAMARCA-FACATATIVÁ","FACA","","","Nuevo","","Y","Virtual","MARÍA FERNANDA PÉREZ GUATIBONZA","Y","Antecedentes.1","Y","Y","Y","N","MARÍA FERNANDA PÉREZ GUATIBONZA","MARÍA FERNANDA PÉREZ GUATIBONZA","N","","","","Solicitado por:Gynna Aya","N","N","Antec + Referencia Académica + laboral + Visita virtual +","Paquete","0.00","128,239.00","128,239.00","","","","","nykole.bolaos@co.g4s.com","poligrafias.confiabilidad@co.g4s.com","5/28/2026 10:04:26 AM","No Generado","","Masivo","5/28/2026","5/28/2026","5/28/2026","","","5/28/2026","5/28/2026","5/28/2026","","","","","","","","","","","","","","","5/28/2026 10:04:05 AM","","5/28/2026 10:04:05 AM","","5/28/2026 10:04:05 AM","","5/28/2026 10:04:05 AM","","5/28/2026 10:04:05 AM","","","","","","","","","","","","","0df16470 , 331534ff , 4c7fb4df , d416903e","5/28/2026","","","","N","","1","23d95648","4","5","0","","Abierta","Y","","N","","","",
"25,501","bdb55577","","7596281","En proceso","","","","","ADECCO COLOMBIA S A","ADECCO COLOMBIA S A","Externo","860,050,906","5/28/2026 10:46:05 AM","","","","","","","","","Angel  Enrique  Mattos  Perez","Cédula de Ciudadanía","1002021601","","AYUDANTE","angelmattos9119@gmail.com","3005591361","ATLANTICO-GALAPA","GALAPA","","","Nuevo","","Y","Virtual","MARÍA FERNANDA PÉREZ GUATIBONZA","Y","Antecedentes.1","Y","Y","Y","N","MARÍA FERNANDA PÉREZ GUATIBONZA","MARÍA FERNANDA PÉREZ GUATIBONZA","N","","","","Solicitado por:
Yirnory Viuche Carvajal","N","N","Antec + Referencia Académica + laboral + Visita virtual +","Paquete","0.00","128,239.00","128,239.00","","","","","nykole.bolaos@co.g4s.com","poligrafias.confiabilidad@co.g4s.com","5/28/2026 10:46:24 AM","No Generado","","Masivo","5/28/2026","5/28/2026","5/28/2026","","","5/28/2026","5/28/2026","5/28/2026","","","","","","","","","","","","","","","5/28/2026 10:46:05 AM","","5/28/2026 10:46:05 AM","","5/28/2026 10:46:05 AM","","5/28/2026 10:46:05 AM","","5/28/2026 10:46:05 AM","","","","","","","","","","","","","31376c09 , 600c2e6b , 875ec374 , d8b7f9c8","5/28/2026","","","","N","","1","7b3406eb","4","5","0","","Abierta","Y","","N","","","",
"27,919","cf38b829","","9345953","En proceso","","","","","ADECCO COLOMBIA S A","ADECCO COLOMBIA S A","Externo","860,050,906","5/28/2026 10:05:04 AM","","","","","","","","","Yosman Antonio Castro German","Cédula de Ciudadanía","1192762478","","AYUDANTE","yosmancastro43@gmail.com","3103837808","CUNDINAMARCA-SOPÓ","SOPO","","","Nuevo","","Y","Virtual","MARÍA FERNANDA PÉREZ GUATIBONZA","Y","Antecedentes.1","Y","Y","Y","N","MARÍA FERNANDA PÉREZ GUATIBONZA","MARÍA FERNANDA PÉREZ GUATIBONZA","N","","","","Solicitado por:Gynna Aya","N","N","Antec + Referencia Académica + laboral + Visita virtual +","Paquete","0.00","128,239.00","128,239.00","","","","","nykole.bolaos@co.g4s.com","poligrafias.confiabilidad@co.g4s.com","5/28/2026 10:05:22 AM","No Generado","","Masivo","5/28/2026","5/28/2026","5/28/2026","","","5/28/2026","5/28/2026","5/28/2026","","","","","","","","","","","","","","","5/28/2026 10:05:04 AM","","5/28/2026 10:05:04 AM","","5/28/2026 10:05:04 AM","","5/28/2026 10:05:04 AM","","5/28/2026 10:05:04 AM","","","","","","","","","","","","","2f49cd82 , 84c388ee , c1c7e75c , e92051d1","5/28/2026","","","","N","","1","d6e3456e","4","5","0","","Abierta","Y","","N","","","",
"27,921","cf3f7826","","8107778","En proceso","","","","","ADECCO COLOMBIA S A","ADECCO COLOMBIA S A","Externo","860,050,906","5/28/2026 10:06:05 AM","","","","","","","","2","Kevin Santiago Ahumada Cano","Cédula de Ciudadanía","1070988231","","AYUDANTE CALIDAD","ahumadacanok@gmail.com","3138160851","CUNDINAMARCA-FACATATIVÁ","FACA","","","Nuevo","","Y","Virtual","LAURA ISABEL RAMÍREZ VELÁSQUEZ","Y","Antecedentes.1","Y","Y","Y","N","LAURA ISABEL RAMÍREZ VELÁSQUEZ","MARÍA FERNANDA PÉREZ GUATIBONZA","N","","","","Solicitado por:Gynna Aya","N","N","Antec + Referencia Académica + laboral + Visita virtual +","Individual","","162,602.00","162,602.00","","","","","nykole.bolaos@co.g4s.com","nykole.bolaos@co.g4s.com","5/28/2026 11:44:32 AM","No Generado","","Masivo","5/28/2026","6/3/2026","","0","","6/3/2026","5/29/2026","","","0.00","","0.00","","","","","","","0.00","","","","5/28/2026 10:06:05 AM","","5/28/2026 10:06:05 AM","","5/28/2026 10:06:05 AM","","5/28/2026 10:06:05 AM","","5/28/2026 10:06:05 AM","","","","","","","","","","","","","3bb65069 , 6ffaebf0 , a75de0b0 , fd5b0c41","5/28/2026","","","","N","","1","8f292432","4","5","0","","Abierta","Y","","N","","","",
"28,041","CKYN9Q66","","5104659","En proceso","","","","","prueba externo","prueba externo","Externo","434,554","5/28/2026 8:31:03 AM","","","","","","","","","Valentina Morales","Cédula de Ciudadanía","1055667788","","Soporte IT","valentina.morales@test.com","3013334455","BOGOTA D.C.-BOGOTA D.C.","Cra 23 # 60-10","","","Nuevo","","N","","","Y","Antecedentes.1","Y","Y","Y","N","andres.quintero@co.g4s.com","","N","","","","Prueba 13","N","Y","Antec + Referencia Académica + laboral +","Individual","","0.00","0.00","","","","","jhoan.gaitan@co.g4s.com","","5/28/2026 8:31:24 AM","No Generado","","Masivo","5/28/2026","5/28/2026","5/28/2026","","","5/28/2026","5/28/2026","5/28/2026","","","","","","","","","","","","","","","5/28/2026 8:31:03 AM","","5/28/2026 8:31:03 AM","","5/28/2026 8:31:03 AM","","5/28/2026 8:31:03 AM","","5/28/2026 8:31:03 AM","","","","","","","","","","","","","0fc52c91 , 4285ebb0 , 4494811a","5/28/2026","","","","N","","1","6c99f427","3","5","0","","Abierta","Y","","N","","","",
"29,419","d9db76d8","","7654782","En proceso","","","","","ADECCO COLOMBIA S A","ADECCO COLOMBIA S A","Externo","860,050,906","5/28/2026 10:07:02 AM","","","","","","","","","David Felipe Camargo Saganome","Cédula de Ciudadanía","1077093012","","AYUDANTE","fsaga10lds@gmail.com","3114772761","CUNDINAMARCA-SOPÓ","SOPO","","","Nuevo","","Y","Virtual","MARÍA FERNANDA PÉREZ GUATIBONZA","Y","Antecedentes.1","Y","Y","Y","N","MARÍA FERNANDA PÉREZ GUATIBONZA","MARÍA FERNANDA PÉREZ GUATIBONZA","N","","","","Solicitado por:Gynna Aya","N","N","Antec + Referencia Académica + laboral + Visita virtual +","Paquete","0.00","128,239.00","128,239.00","","","","","nykole.bolaos@co.g4s.com","poligrafias.confiabilidad@co.g4s.com","5/28/2026 10:07:30 AM","No Generado","","Masivo","5/28/2026","5/28/2026","5/28/2026","","","5/28/2026","5/28/2026","5/28/2026","","","","","","","","","","","","","","","5/28/2026 10:07:02 AM","","5/28/2026 10:07:02 AM","","5/28/2026 10:07:02 AM","","5/28/2026 10:07:02 AM","","5/28/2026 10:07:02 AM","","","","","","","","","","","","","be530ab8 , d38802ce , e579f446 , f189e8ae","5/28/2026","","","","N","","1","b6f0ac0b","4","5","0","","Abierta","Y","","N","","","",
"29,427","d9e4b9ce","","36413637897","","","En proceso","","","G4S CENTRO ORIENTE SABANA","G4S CENTRO ORIENTE SABANA","Interno","860,013,951","5/28/2026 7:40:12 AM","","ALQUERIA","","SECURE","017-GUARDAS DE SEGURIDAD","012-VIGILANCIA","","49","GILMA CAROLINA PAEZ SANCHEZ","Cédula de Ciudadanía","25112762","11/28/2001","OMT","gilmacar1983@hotmail.com","3218030042","CUNDINAMARCA-CAJICÁ","DIAGONAL 8 # 9-55 TORRE 4 APTO 102 CR EL ROCÍO BOSQUE NATIVO, BARRIO EL ROCÍO - CAJICÁ","DIAGONAL 8 # 9-55 TORRE 4 APTO 102 CR EL ROCÍO BOSQUE NATIVO, BARRIO EL ROCÍO - CAJICÁ","","Actual","","N","","","N","","N","","","","","","Y","Rutina","yuly.zarate@co.g4s.com","CUNDINAMARCA-CHÍA","","N","N","poligrafia +","Individual","168,640.00","0.00","168,640.00","","","","","ana.penagos@co.g4s.com","poligrafias.confiabilidad@co.g4s.com","5/28/2026 7:42:44 AM","No Generado","","_LISTO__LISTO__LISTO__LISTO_","5/28/2026","","6/2/2026","","","","","","","","","","","","","","","","","","","","5/28/2026 7:40:12 AM","","5/28/2026 7:40:12 AM","","5/28/2026 7:40:12 AM","","5/28/2026 7:40:12 AM","","5/28/2026 7:40:12 AM","","","","","","","","","","","","","da29f426","5/28/2026","","","","N","","0","","1","5","0","","Abierta","N","","Y","","","",
"30,813","e3b91cd8","","36413292493","En proceso","","","","","G4S CENTRO ORIENTE BOGOTA","G4S CENTRO ORIENTE BOGOTA","Interno","860,013,951","5/28/2026 11:05:24 AM","","","","SECURE","053-SEGURIDAD","012-VIGILANCIA","","2","Pedro Julio Rodriguez Montoya","Cédula de Ciudadanía","1022943827","8/8/2006","SUPERVISOR","juliorodriguez548@hotmail.com","3112146566","BOGOTA D.C.-BOGOTA D.C.","CIUDAD BOLIVAR","","","Nuevo","","Y","Virtual","CAMILO ANDRÉS PÉREZ SIGUA","N","","Y","Y","Y","","CAMILO ANDRÉS PÉREZ SIGUA","","N","","","","","N","N","Referencia Académica + laboral + Visita virtual +","Paquete","","","155,199.00","","","","","t3.expro.laura.dorado@co.g4s.com","poligrafias.confiabilidad@co.g4s.com","5/28/2026 11:08:41 AM","No Generado","","_LISTO__LISTO__LISTO__LISTO_","5/28/2026","6/3/2026","","","","6/3/2026","","","","","","","","","","","","","","","","","5/28/2026 11:05:24 AM","","5/28/2026 11:05:24 AM","","5/28/2026 11:05:24 AM","","5/28/2026 11:05:24 AM","","5/28/2026 11:05:24 AM","","","","","","","","","","","","","037501ea , 64ee4a3c , d8355b1a","5/28/2026","","","1d724e86 , 89ef3eea","N","","1","4e7dd40e","3","5","0","","Abierta","Y","","N","","","",
"31,497","e895ceab","","6390994","En proceso","","","","","ADECCO COLOMBIA S A","ADECCO COLOMBIA S A","Externo","860,050,906","5/28/2026 10:47:03 AM","","","","","","","","","Johan  Ernesto  Ramirez Lara","Cédula de Ciudadanía","1042456079","","AYUDANTE","Johanramirezlara28@gmail.com","3226166891","ATLANTICO-GALAPA","GALAPA","","","Nuevo","","Y","Virtual","MARÍA FERNANDA PÉREZ GUATIBONZA","Y","Antecedentes.1","Y","Y","Y","N","MARÍA FERNANDA PÉREZ GUATIBONZA","MARÍA FERNANDA PÉREZ GUATIBONZA","N","","","","Solicitado por:
Yirnory Viuche Carvajal","N","N","Antec + Referencia Académica + laboral + Visita virtual +","Paquete","0.00","128,239.00","128,239.00","","","","","nykole.bolaos@co.g4s.com","poligrafias.confiabilidad@co.g4s.com","5/28/2026 10:47:21 AM","No Generado","","Masivo","5/28/2026","5/28/2026","5/28/2026","","","5/28/2026","5/28/2026","5/28/2026","","","","","","","","","","","","","","","5/28/2026 10:47:03 AM","","5/28/2026 10:47:03 AM","","5/28/2026 10:47:03 AM","","5/28/2026 10:47:03 AM","","5/28/2026 10:47:03 AM","","","","","","","","","","","","","40df271b , 65c2d1a8 , eceecd4e , ef47007f","5/28/2026","","","","N","","1","e191543e","4","5","0","","Abierta","Y","","N","","","",
"32,546","f006260d","","5882414","En proceso","","","","","ADECCO COLOMBIA S A","ADECCO COLOMBIA S A","Externo","860,050,906","5/28/2026 10:08:01 AM","","","","","","","","","SAMUEL Camilo Lamprea Patiño","Cédula de Ciudadanía","1106712891","","CONDUCTOR","lampreasamuel08@gmail.com","3112525688","CUNDINAMARCA-SOPÓ","SOPO","","","Nuevo","","Y","Virtual","MARÍA FERNANDA PÉREZ GUATIBONZA","Y","Antecedentes.1","Y","Y","Y","N","MARÍA FERNANDA PÉREZ GUATIBONZA","MARÍA FERNANDA PÉREZ GUATIBONZA","N","","","","Solicitado por:Gynna Aya","N","N","Antec + Referencia Académica + laboral + Visita virtual +","Paquete","0.00","128,239.00","128,239.00","","","","","nykole.bolaos@co.g4s.com","poligrafias.confiabilidad@co.g4s.com","5/28/2026 10:08:19 AM","No Generado","","Masivo","5/28/2026","5/28/2026","5/28/2026","","","5/28/2026","5/28/2026","5/28/2026","","","","","","","","","","","","","","","5/28/2026 10:08:01 AM","","5/28/2026 10:08:01 AM","","5/28/2026 10:08:01 AM","","5/28/2026 10:08:01 AM","","5/28/2026 10:08:01 AM","","","","","","","","","","","","","97b66c68 , 9a403ec8 , e348f987 , ef14e3a2","5/28/2026","","","","N","","1","e4bd08a2","4","5","0","","Abierta","Y","","N","","","",
"33,365","f616481c","","1233462","En proceso","","","","","ADECCO COLOMBIA S A","ADECCO COLOMBIA S A","Externo","860,050,906","5/28/2026 10:09:02 AM","","","","","","","","","Jair Alejandro Arzayus Nieto","Cédula de Ciudadanía","1077085286","","AYUDANTE","jarzayus30@gmail.com","3108589118","CUNDINAMARCA-SOPÓ","SOPO","","","Nuevo","","Y","Virtual","MARÍA FERNANDA PÉREZ GUATIBONZA","Y","Antecedentes.1","Y","Y","Y","N","MARÍA FERNANDA PÉREZ GUATIBONZA","MARÍA FERNANDA PÉREZ GUATIBONZA","N","","","","Solicitado por:Gynna Aya","N","N","Antec + Referencia Académica + laboral + Visita virtual +","Paquete","0.00","128,239.00","128,239.00","","","","","nykole.bolaos@co.g4s.com","poligrafias.confiabilidad@co.g4s.com","5/28/2026 10:09:25 AM","No Generado","","Masivo","5/28/2026","5/28/2026","5/28/2026","","","5/28/2026","5/28/2026","5/28/2026","","","","","","","","","","","","","","","5/28/2026 10:09:02 AM","","5/28/2026 10:09:02 AM","","5/28/2026 10:09:02 AM","","5/28/2026 10:09:02 AM","","5/28/2026 10:09:02 AM","","","","","","","","","","","","","3cdd55f4 , 65aaab72 , 8a83607b , e082411f","5/28/2026","","","","N","","1","589763fe","4","5","0","","Abierta","Y","","N","","","",
"34,707","FPN8I4BY","","4024201","En proceso","","En proceso","","","BLUSH-BAR","BLUSH-BAR S.A.S","Externo","900,832,629","5/28/2026 10:24:02 AM","","","","","N/A","","","","MARIA VICTORIA LEGUIZAMON OSORIO","Cédula de Ciudadanía","1031806878","","MAKE UP ARTIST","mavileg2006@gmail.com","3112649913","BOGOTA D.C.-BOGOTA D.C.","bogota","","","Nuevo","","N","","","N","","N","N","N","N","","","Y","Preempleo","2-Erwin.castiblanco-Erwin Castiblanco","BOGOTA D.C.-BOGOTA D.C.","","N","N","poligrafia +","Individual","183,927.00","0.00","183,927.00","","","","","cindy.barrera@co.g4s.com","","5/28/2026 10:24:14 AM","No Generado","","Masivo","5/28/2026","5/28/2026","5/28/2026","","","5/28/2026","5/28/2026","5/28/2026","","","","","","","","","","","","","","","5/28/2026 10:24:02 AM","","5/28/2026 10:24:02 AM","","5/28/2026 10:24:02 AM","","5/28/2026 10:24:02 AM","","5/28/2026 10:24:02 AM","","","","","","","","","","","","","5199ba43","5/28/2026","","","","N","","0","","1","5","0","","Abierta","N","","Y","","","",
"35,166","LDF93H18","","3868205","En proceso","","","","","prueba externo","prueba externo","Externo","434,554","5/28/2026 8:22:01 AM","","","","","","","","","Miguel Angel Castro","Cédula de Ciudadanía","79888999","","Gerente","miguel.castro@test.com","3192223344","BOGOTA D.C.-BOGOTA D.C.","Cra 15 # 93-60","","","Actual","","N","","","Y","Antecedentes.1","Y","Y","Y","Y","andres.quintero@co.g4s.com","andres.quintero@co.g4s.com","N","","","","Prueba 12","Y","Y","Antec + Referencia Académica + laboral + Personal + datacredito +","Individual","","0.00","0.00","","","","","jhoan.gaitan@co.g4s.com","","5/28/2026 8:22:25 AM","No Generado","","Masivo","5/28/2026","5/28/2026","5/28/2026","","","5/28/2026","5/28/2026","5/28/2026","","","","","","","","","","","","","","","5/28/2026 8:22:01 AM","","5/28/2026 8:22:01 AM","","5/28/2026 8:22:01 AM","","5/28/2026 8:22:01 AM","","5/28/2026 8:22:01 AM","","","","","","","","","","","","","31829993 , 46cd6b7b , 6b98160f , 7692cb67","5/28/2026","","","","N","","1","4ca6cb03","4","5","0","","Abierta","Y","","N","","","",
"35,533","PPUQRIQC","","4431584","En proceso","","","","","prueba externo","prueba externo","Externo","434,554","5/28/2026 8:24:02 AM","","","","","","","","","Sofia Vergara","Pasaporte","P9876543","","Consultor","sofia.vergara@test.com","3145556677","BOGOTA D.C.-BOGOTA D.C.","Circular 1 # 70-01","","","Nuevo","","N","","","Y","Antecedentes.1","Y","Y","Y","Y","andres.quintero@co.g4s.com","andres.quintero@co.g4s.com","N","","","","Prueba 9","N","N","Antec + Referencia Académica + laboral + Personal +","Individual","","0.00","0.00","","","","","jhoan.gaitan@co.g4s.com","","5/28/2026 8:24:22 AM","No Generado","","Masivo","5/28/2026","5/28/2026","5/28/2026","","","5/28/2026","5/28/2026","5/28/2026","","","","","","","","","","","","","","","5/28/2026 8:24:02 AM","","5/28/2026 8:24:02 AM","","5/28/2026 8:24:02 AM","","5/28/2026 8:24:02 AM","","5/28/2026 8:24:02 AM","","","","","","","","","","","","","0699654b , 0bb3d93c , 98a5e1f4 , aa5fbfbd","5/28/2026","","","","N","","1","b8ebb1c3","4","5","0","","Abierta","Y","","N","","","",
"35,656","QYJF306N","","9393970","En proceso","","","","","DON MAIZ","DON MAIZ","Externo","830,051,928","5/28/2026 9:10:02 AM","","","","","N/A","","","","JORGE LUIS ASPRILLA RIVAS","Cédula de Ciudadanía","1003888639","","OPERARIO DE RESIDUOS","","3237672782","BOGOTA D.C.-BOGOTA D.C.","-","","","Nuevo","","N","","","Y","Antecedentes.1","N","N","N","N","","","N","","","","","N","N","Antec +","Individual","","6,500.00","6,500.00","","","","","t3.donmaiz.lizeth.castaneda@co.g4s.com","","5/28/2026 9:10:11 AM","No Generado","","Masivo","5/28/2026","5/28/2026","5/28/2026","","","5/28/2026","5/28/2026","5/28/2026","","","","","","","","","","","","","","","5/28/2026 9:10:02 AM","","5/28/2026 9:10:02 AM","","5/28/2026 9:10:02 AM","","5/28/2026 9:10:02 AM","","5/28/2026 9:10:02 AM","","","","","","","","","","","","","16f93cce","5/28/2026","","","1UDGZKAG","N","","0","","1","5","0","","Abierta","Y","","N","","","",
"35,658","QYPKF10I","","1259394","En proceso","","","","","prueba externo","prueba externo","Externo","434,554","5/28/2026 8:35:03 AM","","","","RISK","081-APOYO A LA OPERACION","019-ADMINISTRATIVO","","2","Laura Alejandra Rocha Rincones","Cédula de Ciudadanía","10012988211","","Ingeniero","laura.rocha@co.g4s.com","3131313131","BOGOTA D.C.-BOGOTA D.C.","Carrera 22 # 34-23","","","Actual","","N","","","Y","Antecedentes.1","Y","Y","Y","Y","andres.quintero@co.g4s.com","andres.quintero@co.g4s.com","N","","","","Pruebas Original","Y","Y","Antec + Referencia Académica + laboral + Personal + datacredito +","Individual","","0.00","0.00","","","","","jhoan.gaitan@co.g4s.com","","5/28/2026 8:35:18 AM","No Generado","","Masivo","5/28/2026","5/28/2026","5/28/2026","","","5/28/2026","5/28/2026","5/28/2026","","","","","","","","","","","","","","","5/28/2026 8:35:03 AM","","5/28/2026 8:35:03 AM","","5/28/2026 8:35:03 AM","","5/28/2026 8:35:03 AM","","5/28/2026 8:35:03 AM","","","","","","","","","","","","","1f099587 , 526d9d59 , 95cb2a0b , 9ee65232","5/28/2026","","","","N","","1","407bb84a","4","5","0","","Abierta","Y","","N","","","",
"21,708","a224106c","","7337157","En proceso","","","","","ADECCO COLOMBIA S A","ADECCO COLOMBIA S A","Externo","860,050,906","5/28/2026 10:03:01 AM","","","","","","","","","Luis Felipe Muñoz Garzón","Cédula de Ciudadanía","1078350343","","AYUDANTE","felipe43munoz@gmail.com","3204698282","CUNDINAMARCA-SOPÓ","SOPO","","","Nuevo","","Y","Virtual","MARÍA FERNANDA PÉREZ GUATIBONZA","Y","Antecedentes.1","Y","Y","Y","N","MARÍA FERNANDA PÉREZ GUATIBONZA","MARÍA FERNANDA PÉREZ GUATIBONZA","N","","","","Solicitado por:Gynna Aya","N","N","Antec + Referencia Académica + laboral + Visita virtual +","Paquete","0.00","128,239.00","128,239.00","","","","","nykole.bolaos@co.g4s.com","poligrafias.confiabilidad@co.g4s.com","5/28/2026 10:03:21 AM","No Generado","","Masivo","5/28/2026","5/28/2026","5/28/2026","","","5/28/2026","5/28/2026","5/28/2026","","","","","","","","","","","","","","","5/28/2026 10:03:01 AM","","5/28/2026 10:03:01 AM","","5/28/2026 10:03:01 AM","","5/28/2026 10:03:01 AM","","5/28/2026 10:03:01 AM","","","","","","","","","","","","","4be8c384 , 87587b2e , 9121efc8 , c58a737a","5/28/2026","","","","N","","1","30fceaa6","4","5","0","","Abierta","Y","","N","","","",
"21,371","9HMXGX1O","","3144734","En proceso","","","","","COMERCIALIZADORA SANTANDER","COMERCIALIZADORA SANTANDER","Externo","816,004,998","5/28/2026 10:33:03 AM","","","","","N/A","","","","Carolina Bedoya Vásquez","Cédula de Ciudadanía","1088334392","","ANALISTA DE GESTION DEL TALENTO HUMANO 1","carolinabedoyavasquez21@gmail.com","3148651053","RISARALDA-PEREIRA","URBANIZACION SANTA CLARA ETAPA 4 TORRE 8 APTO 502 VIA CONDINA","","","Nuevo","","Y","Virtual","Julián Neira","Y","Antecedentes.1","Y","Y","Y","N","Julián Neira","Julián Neira","N","","","","Cordial saludo,
Me ayudan dandele mucha prioridad por favor, 
Gracias.","N","N","Antec + Referencia Académica + laboral + Visita virtual +","Paquete","0.00","238,780.00","238,780.00","","","","","sebastian.arce@co.g4s.com","","5/28/2026 10:33:24 AM","No Generado","","Masivo","5/28/2026","5/28/2026","5/28/2026","","","5/28/2026","5/28/2026","5/28/2026","","","","","","","","","","","","","","","5/28/2026 10:33:03 AM","","5/28/2026 10:33:03 AM","","5/28/2026 10:33:03 AM","","5/28/2026 10:33:03 AM","","5/28/2026 10:33:03 AM","","","","","","","","","","","","","0f3da8d8 , 9626f175 , c7e9a83b , df6ee8fa","5/28/2026","","","DVNHK6EC","N","","1","959fac79","4","5","0","","Abierta","Y","","N","","","",
"20,101","962e5b8b","","36479902881","En proceso","","","","","G4S CENTRO ORIENTE BOGOTA","G4S CENTRO ORIENTE BOGOTA","Interno","860,013,951","5/28/2026 11:12:46 AM","","","","SECURE","053-SEGURIDAD","012-VIGILANCIA","","2","JAZMIN MARCELA DUEÑAS RODRIGUEZ","Cédula de Ciudadanía","1023874880","","jefe de Programación","jazmin6522@hotmail.com","3127900428","BOGOTA D.C.-BOGOTA D.C.","Bogotá","Bogotá","","Nuevo","","Y","Virtual","CAMILO ANDRÉS PÉREZ SIGUA","N","","Y","Y","Y","","CAMILO ANDRÉS PÉREZ SIGUA","","N","","","","","N","N","Referencia Académica + laboral + Visita virtual +","Paquete","","","155,199.00","","","","","adriana.sandoval@co.g4s.com","poligrafias.confiabilidad@co.g4s.com","5/28/2026 11:17:12 AM","No Generado","","_LISTO__LISTO__LISTO__LISTO_","5/28/2026","6/3/2026","","","","6/3/2026","","","","","","","","","","","","","","","","","5/28/2026 11:12:46 AM","","5/28/2026 11:12:46 AM","","5/28/2026 11:12:46 AM","","5/28/2026 11:12:46 AM","","5/28/2026 11:12:46 AM","","","","","","","","","","","","","80ba3b4e , a567e75b , ac178af8","5/28/2026","","","0cb72a02 , eacb2a42","N","","1","58f8401f","3","5","0","","Abierta","Y","","N","","","",
"18,465","89f79aaa","","36416663985","","","En proceso","","","G4S CENTRO ORIENTE BOGOTA","G4S CENTRO ORIENTE BOGOTA","Interno","860,013,951","5/28/2026 11:09:07 AM","","","","SECURE","053-SEGURIDAD","012-VIGILANCIA","","2","Pedro Julio Rodriguez Montoya","Cédula de Ciudadanía","1022943827","8/8/2006","SUPERVISOR","juliorodriguez548@hotmail.com","3112146566","BOGOTA D.C.-BOGOTA D.C.","CIUDAD BOLIVAR","","","Nuevo","","N","","","N","","N","","","","","","Y","Preempleo","4cbb3868","BOGOTA D.C.-BOGOTA D.C.","","N","N","poligrafia +","Individual","177,409.00","0.00","177,409.00","","","","","t3.expro.laura.dorado@co.g4s.com","poligrafias.confiabilidad@co.g4s.com","5/28/2026 11:12:46 AM","No Generado","","_LISTO__LISTO__LISTO__LISTO_","5/28/2026","","6/2/2026","","","","","","","","","","","","","","","","","","","","5/28/2026 11:09:07 AM","","5/28/2026 11:09:07 AM","","5/28/2026 11:09:07 AM","","5/28/2026 11:09:07 AM","","5/28/2026 11:09:07 AM","","","","","","","","","","","","","b686cd54 , ed30168a","5/28/2026","","","83d99726","N","","0","","2","5","0","","Abierta","N","","Y","","","",
"2,507","13ac6275","","6704215","En proceso","","","","","ADECCO COLOMBIA S A","ADECCO COLOMBIA S A","Externo","860,050,906","5/28/2026 10:40:04 AM","","","","","","","","","Klein David Jimenez  Torres","Cédula de Ciudadanía","1044624791","","AYUDANTE","Kleintoresdavid@gmail.com","3042679327","ATLANTICO-GALAPA","GALAPA","","","Nuevo","","Y","Virtual","MARÍA FERNANDA PÉREZ GUATIBONZA","Y","Antecedentes.1","Y","Y","Y","N","MARÍA FERNANDA PÉREZ GUATIBONZA","MARÍA FERNANDA PÉREZ GUATIBONZA","N","","","","Solicitado por:
Yirnory Viuche Carvajal","N","N","Antec + Referencia Académica + laboral + Visita virtual +","Paquete","0.00","128,239.00","128,239.00","","","","","nykole.bolaos@co.g4s.com","poligrafias.confiabilidad@co.g4s.com","5/28/2026 10:40:22 AM","No Generado","","Masivo","5/28/2026","5/28/2026","5/28/2026","","","5/28/2026","5/28/2026","5/28/2026","","","","","","","","","","","","","","","5/28/2026 10:40:04 AM","","5/28/2026 10:40:04 AM","","5/28/2026 10:40:04 AM","","5/28/2026 10:40:04 AM","","5/28/2026 10:40:04 AM","","","","","","","","","","","","","90ddf55a , 9784b25e , c4b0e311 , c6ba55f0","5/28/2026","","","","N","","1","50b57600","4","5","0","","Abierta","Y","","N","","","",
"2,707","151c474d","","5393810","En proceso","","","","","ADECCO COLOMBIA S A","ADECCO COLOMBIA S A","Externo","860,050,906","5/28/2026 9:52:02 AM","","","","","","","","","RAFAEL DAVID MEZA LOPEZ","Cédula de Ciudadanía","1082414216","","AYUDANTE","dearfa1234@gmail.com","3015509989","CUNDINAMARCA-SOPÓ","SOPO","","","Nuevo","","Y","Virtual","MARÍA FERNANDA PÉREZ GUATIBONZA","Y","Antecedentes.1","Y","Y","Y","N","MARÍA FERNANDA PÉREZ GUATIBONZA","MARÍA FERNANDA PÉREZ GUATIBONZA","N","","","","Solicitado por:Gynna Aya","N","N","Antec + Referencia Académica + laboral + Visita virtual +","Paquete","0.00","128,239.00","128,239.00","","","","","nykole.bolaos@co.g4s.com","poligrafias.confiabilidad@co.g4s.com","5/28/2026 9:52:19 AM","No Generado","","Masivo","5/28/2026","5/28/2026","5/28/2026","","","5/28/2026","5/28/2026","5/28/2026","","","","","","","","","","","","","","","5/28/2026 9:52:02 AM","","5/28/2026 9:52:02 AM","","5/28/2026 9:52:02 AM","","5/28/2026 9:52:02 AM","","5/28/2026 9:52:02 AM","","","","","","","","","","","","","1d374b75 , 2ad1230f , 8f3146ca , a3596b8c","5/28/2026","","","","N","","1","dce5981c","4","5","0","","Abierta","Y","","N","","","",
"3,967","1e7c2d24","","5129096","En proceso","","","","","ADECCO COLOMBIA S A","ADECCO COLOMBIA S A","Externo","860,050,906","5/28/2026 9:53:07 AM","","","","","","","","","Heyler Andres Ruiz Cespedes","Cédula de Ciudadanía","1106399380","","AYUDANTE","Heylerandresluciana1217@gmail.com","3124723195","CUNDINAMARCA-SOPÓ","SOPO","","","Nuevo","","Y","Virtual","MARÍA FERNANDA PÉREZ GUATIBONZA","Y","Antecedentes.1","Y","Y","Y","N","MARÍA FERNANDA PÉREZ GUATIBONZA","MARÍA FERNANDA PÉREZ GUATIBONZA","N","","","","Solicitado por:Gynna Aya","N","N","Antec + Referencia Académica + laboral + Visita virtual +","Paquete","0.00","128,239.00","128,239.00","","","","","nykole.bolaos@co.g4s.com","poligrafias.confiabilidad@co.g4s.com","5/28/2026 9:53:39 AM","No Generado","","Masivo","5/28/2026","5/28/2026","5/28/2026","","","5/28/2026","5/28/2026","5/28/2026","","","","","","","","","","","","","","","5/28/2026 9:53:07 AM","","5/28/2026 9:53:07 AM","","5/28/2026 9:53:07 AM","","5/28/2026 9:53:07 AM","","5/28/2026 9:53:07 AM","","","","","","","","","","","","","26a90554 , 2dea20ef , 88a86252 , cdd89ee3","5/28/2026","","","","N","","1","3807ba23","4","5","0","","Abierta","Y","","N","","","",
"4,297","208d56f6","","8422760","En proceso","","","","","ADECCO COLOMBIA S A","ADECCO COLOMBIA S A","Externo","860,050,906","5/28/2026 9:54:03 AM","","","","","","","","","Milton Alejandro Sánchez Castro","Cédula de Ciudadanía","1077084402","","AYUDANTE","alerjo2009@hotmail.com","3123621326","CUNDINAMARCA-SOPÓ","SOPO","","","Nuevo","","Y","Virtual","MARÍA FERNANDA PÉREZ GUATIBONZA","Y","Antecedentes.1","Y","Y","Y","N","MARÍA FERNANDA PÉREZ GUATIBONZA","MARÍA FERNANDA PÉREZ GUATIBONZA","N","","","","Solicitado por:Gynna Aya","N","N","Antec + Referencia Académica + laboral + Visita virtual +","Paquete","0.00","128,239.00","128,239.00","","","","","nykole.bolaos@co.g4s.com","poligrafias.confiabilidad@co.g4s.com","5/28/2026 9:54:21 AM","No Generado","","Masivo","5/28/2026","5/28/2026","5/28/2026","","","5/28/2026","5/28/2026","5/28/2026","","","","","","","","","","","","","","","5/28/2026 9:54:03 AM","","5/28/2026 9:54:03 AM","","5/28/2026 9:54:03 AM","","5/28/2026 9:54:03 AM","","5/28/2026 9:54:03 AM","","","","","","","","","","","","","0e605d35 , 0eb909aa , 4335781b , 8995f61d","5/28/2026","","","","N","","1","d41e6ee7","4","5","0","","Abierta","Y","","N","","","",
"5,913","2cdd1f2f","","36446052743","En proceso","","","","","G4S SUROCCIDENTE","G4S SUROCCIDENTE","Interno","860,013,951","5/28/2026 10:13:33 AM","","","","SECURE","017-GUARDAS DE SEGURIDAD","012-VIGILANCIA","","7","RIVERA ACEVEDO VIVIANA","Cédula de Ciudadanía","1143966837","","ANALISTA GH","","3204642917","VALLE DEL CAUCA-CALI","cali","","","Nuevo","","Y","Virtual","CAMILO ANDRÉS PÉREZ SIGUA","N","","N","","","","","","N","","","","","N","","Visita virtual +","Individual","","71,209.00","71,209.00","","","","","luisa.pinzon@co.g4s.com","poligrafias.confiabilidad@co.g4s.com","5/28/2026 10:17:08 AM","No Generado","","_LISTO__LISTO__LISTO__LISTO_","5/28/2026","6/3/2026","","","","","","","","","","","","","","","","","","","","","5/28/2026 10:13:33 AM","","5/28/2026 10:13:33 AM","","5/28/2026 10:13:33 AM","","5/28/2026 10:13:33 AM","","5/28/2026 10:13:33 AM","","","","","","","","","","","","","e9f89e2b","5/28/2026","","","","N","","1","9407e56d","1","5","0","","Abierta","Y","","N","","","",
"6,364","2NNL29DR","","8128072","En proceso","","En proceso","","","prueba externo","prueba externo","Externo","434,554","5/28/2026 8:28:04 AM","","","","","N/A","","","","prueba individual","Cédula de Ciudadanía","1030587266","","prueba individual","jhoan.gaitan@co.g4s.com","3196803333","BOGOTA D.C.-BOGOTA D.C.","calle falsa 123","","","Nuevo","","Y","Virtual","andres.quintero@co.g4s.com","Y","Antecedentes.1","Y","Y","Y","N","andres.quintero@co.g4s.com","andres.quintero@co.g4s.com","Y","Rutina","2-Erwin.castiblanco-Erwin Castiblanco","BOGOTA D.C.-BOGOTA D.C.","prueba individual","Y","Y","Antec + Referencia Académica + laboral + Visita virtual + datacredito + poligrafia +","Individual","","0.00","0.00","","","","","jhoan.gaitan@co.g4s.com","","5/28/2026 8:28:36 AM","No Generado","","Masivo","5/28/2026","5/28/2026","5/28/2026","","","5/28/2026","5/28/2026","5/28/2026","","","","","","","","","","","","","","","5/28/2026 8:28:04 AM","","5/28/2026 8:28:04 AM","","5/28/2026 8:28:04 AM","","5/28/2026 8:28:04 AM","","5/28/2026 8:28:04 AM","","","","","","","","","","","","","42382fdd , c11babe3 , c6bda0af , d62d1e16 , f30848c8","5/28/2026","","","","N","","1","90845024","5","5","0","","Abierta","Y","","Y","","","",
"7,356","3741cabd","","6066737","En proceso","","","","","ADECCO COLOMBIA S A","ADECCO COLOMBIA S A","Externo","860,050,906","5/28/2026 9:55:03 AM","","","","","","","","","Johan Felipe Martinez Ocampo","Cédula de Ciudadanía","1007415314","","AYUDANTE","feipito2464@gmail.com","3208856751","CUNDINAMARCA-SOPÓ","SOPO","","","Nuevo","","Y","Virtual","MARÍA FERNANDA PÉREZ GUATIBONZA","Y","Antecedentes.1","Y","Y","Y","N","MARÍA FERNANDA PÉREZ GUATIBONZA","MARÍA FERNANDA PÉREZ GUATIBONZA","N","","","","Solicitado por:Gynna Aya","N","N","Antec + Referencia Académica + laboral + Visita virtual +","Paquete","0.00","128,239.00","128,239.00","","","","","nykole.bolaos@co.g4s.com","poligrafias.confiabilidad@co.g4s.com","5/28/2026 9:55:33 AM","No Generado","","Masivo","5/28/2026","5/28/2026","5/28/2026","","","5/28/2026","5/28/2026","5/28/2026","","","","","","","","","","","","","","","5/28/2026 9:55:03 AM","","5/28/2026 9:55:03 AM","","5/28/2026 9:55:03 AM","","5/28/2026 9:55:03 AM","","5/28/2026 9:55:03 AM","","","","","","","","","","","","","3b5b234e , 87cda734 , d4069c3a , eb4dabdf","5/28/2026","","","","N","","1","14d03592","4","5","0","","Abierta","Y","","N","","","",
"7,575","38f4c9a2","","3253798","En proceso","","","","","ADECCO COLOMBIA S A","ADECCO COLOMBIA S A","Externo","860,050,906","5/28/2026 9:56:03 AM","","","","","","","","","Dominic  Santiago  Vargas  Lopez","Cédula de Ciudadanía","1025528721","","AYUDANTE","Dm2santiago2006@gmail.com","3212387094","BOGOTA D.C.-BOGOTA D.C.","BOGOTA","","","Nuevo","","Y","Virtual","MARÍA FERNANDA PÉREZ GUATIBONZA","Y","Antecedentes.1","Y","Y","Y","N","MARÍA FERNANDA PÉREZ GUATIBONZA","MARÍA FERNANDA PÉREZ GUATIBONZA","N","","","","Solicitado por: Yirnory Viuche Carvajal","N","N","Antec + Referencia Académica + laboral + Visita virtual +","Paquete","0.00","128,239.00","128,239.00","","","","","nykole.bolaos@co.g4s.com","poligrafias.confiabilidad@co.g4s.com","5/28/2026 9:56:32 AM","No Generado","","Masivo","5/28/2026","5/28/2026","5/28/2026","","","5/28/2026","5/28/2026","5/28/2026","","","","","","","","","","","","","","","5/28/2026 9:56:03 AM","","5/28/2026 9:56:03 AM","","5/28/2026 9:56:03 AM","","5/28/2026 9:56:03 AM","","5/28/2026 9:56:03 AM","","","","","","","","","","","","","71753ac1 , 82d25c2e , a27b14f5 , bcb298af","5/28/2026","","","","N","","1","914c2a88","4","5","0","","Abierta","Y","","N","","","",
"8,066","3c4ecc26","","8914349","En proceso","","","","","ADECCO COLOMBIA S A","ADECCO COLOMBIA S A","Externo","860,050,906","5/28/2026 9:57:02 AM","","","","","","","","2","Brandon Josué Leon Céspedes","Cédula de Ciudadanía","1127359943","","AYUDANTE CALIDAD","josueleoncespedes@gmail.com","3046234514","CUNDINAMARCA-FACATATIVÁ","FACA","","","Nuevo","","Y","Virtual","LAURA ISABEL RAMÍREZ VELÁSQUEZ","Y","Antecedentes.1","Y","Y","Y","N","LAURA ISABEL RAMÍREZ VELÁSQUEZ","MARÍA FERNANDA PÉREZ GUATIBONZA","N","","","","Solicitado por:Gynna Aya","N","N","Antec + Referencia Académica + laboral + Visita virtual +","Individual","","162,602.00","162,602.00","","","","","nykole.bolaos@co.g4s.com","nykole.bolaos@co.g4s.com","5/28/2026 11:49:39 AM","No Generado","","Masivo","5/28/2026","6/3/2026","","0","","6/3/2026","5/29/2026","","","0.00","","0.00","","","","","","","0.00","","","","5/28/2026 9:57:02 AM","","5/28/2026 9:57:02 AM","","5/28/2026 9:57:02 AM","","5/28/2026 9:57:02 AM","","5/28/2026 9:57:02 AM","","","","","","","","","","","","","32ea4796 , 3d55e445 , 5a919c3a , ff99ecc8","5/28/2026","","","","N","","1","a80dab55","4","5","0","","Abierta","Y","","N","","","",
"12,176","5ad5d8af","","36438282668","","","En proceso","","","G4S CENTRO ORIENTE SABANA","G4S CENTRO ORIENTE SABANA","Interno","860,013,951","5/28/2026 7:51:28 AM","","G4S SECURE SOLUTIONS COLOMBIA SA","","SECURE","053-SEGURIDAD","012-VIGILANCIA","","39","JAIDER ENRIQUE MORALES","Cédula de Ciudadanía","1002580906","11/23/2020","VIGILANTE","jaidermorales1820@gmail.com","3239729041","CUNDINAMARCA-MOSQUERA","PORVENIR CENTRO","CARRERA 2 A ESTE NÚMERO 17A-23","","Nuevo","","N","","","N","","N","","","","","","Y","Preempleo","4cbb3868","BOGOTA D.C.-BOGOTA D.C.","ALMAVIVA FUNZA","N","N","poligrafia +","Individual","168,640.00","0.00","168,640.00","","","","","yojana.moreno@co.g4s.com","poligrafias.confiabilidad@co.g4s.com","5/28/2026 7:58:39 AM","No Generado","","_LISTO__LISTO__LISTO__LISTO_","5/28/2026","","6/2/2026","","","","","","","","","","","","","","","","","","","","5/28/2026 7:51:28 AM","","5/28/2026 7:51:28 AM","","5/28/2026 7:51:28 AM","","5/28/2026 7:51:28 AM","","5/28/2026 7:51:28 AM","","","","","","","","","","","","","e88842ed","5/28/2026","","","c25fd168","N","","0","","1","5","0","","Abierta","N","","Y","","","",
"35,952","U7YTNPZ3","","8581800","En proceso","","","","","C.I. FLORA FOOD COLOMBIA S.A.S","C.I. FLORA FOOD COLOMBIA S.A.S","Externo","901,181,764","5/28/2026 11:28:05 AM","","","","","N/A","","","","Maria Fernanda Garcia Franco","Cédula de Ciudadanía","31305650","","HRBP Factory","nanda3333@hotmail.com","3176488696","VALLE DEL CAUCA-CALI","Carrera 24 C # 4 Oeste 68","","","Nuevo","","Y","Virtual","KEREN ISABEL AGUAS POLO","Y","Antecedentes.1","Y","Y","Y","N","KEREN ISABEL AGUAS POLO","KEREN ISABEL AGUAS POLO","N","","","","","N","N","Antec + Referencia Académica + laboral + Visita virtual +","Paquete","0.00","204,283.00","204,283.00","","","","","t3.florafg.juliana.bolivar@co.g4s.com","","5/28/2026 11:28:36 AM","No Generado","","Masivo","5/28/2026","5/28/2026","5/28/2026","","","5/28/2026","5/28/2026","5/28/2026","","","","","","","","","","","","","","","5/28/2026 11:28:05 AM","","5/28/2026 11:28:05 AM","","5/28/2026 11:28:05 AM","","5/28/2026 11:28:05 AM","","5/28/2026 11:28:05 AM","","","","","","","","","","","","","2384cf81 , 3eff76be , 4ff16b49 , 56452db7","5/28/2026","","","YTG4UIMU","N","","1","ede980bc","4","5","0","","Abierta","Y","","N","","","",
"12,195","5AZH82BT","","6062346","En proceso","","","","","RED BULL","RED BULL","Externo","900,309,701","5/28/2026 10:10:02 AM","","","","","N/A","","","","Sofia Medina Rojas","Cédula de Ciudadanía","1058548768","","Student Marketeer","sofiamedinar31@gmail.com","3104318837","VALLE DEL CAUCA-CALI","N/A","","","Nuevo","","N","","","Y","Antecedentes.1","Y","Y","Y","Y","KEREN ISABEL AGUAS POLO","KEREN ISABEL AGUAS POLO","N","","","","","N","N","Antec + Referencia Académica + laboral + Personal +","Paquete","0.00","231,156.00","231,156.00","","","","","t3.redbull.valeria.gonzalez@co.g4s.com","","5/28/2026 10:10:26 AM","No Generado","","Masivo","5/28/2026","5/28/2026","5/28/2026","","","5/28/2026","5/28/2026","5/28/2026","","","","","","","","","","","","","","","5/28/2026 10:10:02 AM","","5/28/2026 10:10:02 AM","","5/28/2026 10:10:02 AM","","5/28/2026 10:10:02 AM","","5/28/2026 10:10:02 AM","","","","","","","","","","","","","49194df1 , 779c82a8 , 80d2ce30 , 9ecd77d8","5/28/2026","","","","N","","1","43d55e43","4","5","0","","Abierta","Y","","N","","","",
"12,815","5f6b1cb4","","8594431","En proceso","","","","","ADECCO COLOMBIA S A","ADECCO COLOMBIA S A","Externo","860,050,906","5/28/2026 9:58:05 AM","","","","","","","","","Juan  Carlos Meléndez  Diaz","Cédula de Ciudadanía","1081787075","","AYUDANTE","juancarlosmelendezdiaz436@gmail.com","3004796518","BOGOTA D.C.-BOGOTA D.C.","BOGOTA","","","Nuevo","","Y","Virtual","MARÍA FERNANDA PÉREZ GUATIBONZA","Y","Antecedentes.1","Y","Y","Y","N","MARÍA FERNANDA PÉREZ GUATIBONZA","MARÍA FERNANDA PÉREZ GUATIBONZA","N","","","","Solicitado por: Yirnory Viuche Carvajal","N","N","Antec + Referencia Académica + laboral + Visita virtual +","Paquete","0.00","128,239.00","128,239.00","","","","","nykole.bolaos@co.g4s.com","poligrafias.confiabilidad@co.g4s.com","5/28/2026 9:58:27 AM","No Generado","","Masivo","5/28/2026","5/28/2026","5/28/2026","","","5/28/2026","5/28/2026","5/28/2026","","","","","","","","","","","","","","","5/28/2026 9:58:05 AM","","5/28/2026 9:58:05 AM","","5/28/2026 9:58:05 AM","","5/28/2026 9:58:05 AM","","5/28/2026 9:58:05 AM","","","","","","","","","","","","","338dca7b , 7fc1f1b1 , 83e02a19 , c59bf1ed","5/28/2026","","","","N","","1","7385ec2a","4","5","0","","Abierta","Y","","N","","","",
"12,939","5X9UP6SC","","6374341","En proceso","","","","","prueba externo","prueba externo","Externo","434,554","5/28/2026 8:23:05 AM","","","","","","","","","Jorge Enrique Silva","Cédula de Ciudadanía","80123456","","Analista","jorge.silva@test.com","3005554433","BOGOTA D.C.-BOGOTA D.C.","Av El Dorado # 68-50","","","Actual","","N","","","Y","Antecedentes.1","Y","Y","Y","Y","andres.quintero@co.g4s.com","andres.quintero@co.g4s.com","N","","","","Prueba 4","Y","Y","Antec + Referencia Académica + laboral + Personal + datacredito +","Individual","","0.00","0.00","","","","","jhoan.gaitan@co.g4s.com","","5/28/2026 8:23:25 AM","No Generado","","Masivo","5/28/2026","5/28/2026","5/28/2026","","","5/28/2026","5/28/2026","5/28/2026","","","","","","","","","","","","","","","5/28/2026 8:23:05 AM","","5/28/2026 8:23:05 AM","","5/28/2026 8:23:05 AM","","5/28/2026 8:23:05 AM","","5/28/2026 8:23:05 AM","","","","","","","","","","","","","22620263 , 66a649a5 , b0580fd6 , f82b8e2e","5/28/2026","","","","N","","1","8597e2b1","4","5","0","","Abierta","Y","","N","","","",
"13,711","65LT2WSG","","2601586","En proceso","","","","","DON MAIZ","DON MAIZ","Externo","830,051,928","5/28/2026 9:24:01 AM","","","","","N/A","","","","JONIER SNEIDER RODRÍGUEZ CLAROS","Cédula de Ciudadanía","1024464540","","OPERARIO DE RESIDUOS","","3232042306","BOGOTA D.C.-BOGOTA D.C.","-","","","Nuevo","","N","","","Y","Antecedentes.1","N","N","N","N","","","N","","","","","N","N","Antec +","Individual","","6,500.00","6,500.00","","","","","t3.donmaiz.lizeth.castaneda@co.g4s.com","","5/28/2026 9:24:10 AM","No Generado","","Masivo","5/28/2026","5/28/2026","5/28/2026","","","5/28/2026","5/28/2026","5/28/2026","","","","","","","","","","","","","","","5/28/2026 9:24:01 AM","","5/28/2026 9:24:01 AM","","5/28/2026 9:24:01 AM","","5/28/2026 9:24:01 AM","","5/28/2026 9:24:01 AM","","","","","","","","","","","","","de6521c5","5/28/2026","","","U50JUTOH","N","","0","","1","5","0","","Abierta","Y","","N","","","",
"14,692","6d66446a","","6076485","En proceso","","","","","ADECCO COLOMBIA S A","ADECCO COLOMBIA S A","Externo","860,050,906","5/28/2026 9:59:02 AM","","","","","","","","","Daniel  Felipe  Solaque  Perilla","Cédula de Ciudadanía","1072190389","","AYUDANTE","solaqueperilladanielfelipe@gmail.com","3104465634","BOGOTA D.C.-BOGOTA D.C.","BOGOTA","","","Nuevo","","Y","Virtual","MARÍA FERNANDA PÉREZ GUATIBONZA","Y","Antecedentes.1","Y","Y","Y","N","MARÍA FERNANDA PÉREZ GUATIBONZA","MARÍA FERNANDA PÉREZ GUATIBONZA","N","","","","Solicitado por: Yirnory Viuche Carvajal","N","N","Antec + Referencia Académica + laboral + Visita virtual +","Paquete","0.00","128,239.00","128,239.00","","","","","nykole.bolaos@co.g4s.com","poligrafias.confiabilidad@co.g4s.com","5/28/2026 9:59:32 AM","No Generado","","Masivo","5/28/2026","5/28/2026","5/28/2026","","","5/28/2026","5/28/2026","5/28/2026","","","","","","","","","","","","","","","5/28/2026 9:59:02 AM","","5/28/2026 9:59:02 AM","","5/28/2026 9:59:02 AM","","5/28/2026 9:59:02 AM","","5/28/2026 9:59:02 AM","","","","","","","","","","","","","69cf4d2f , 8ad46f12 , d6a03e6a , d9cbb3ae","5/28/2026","","","","N","","1","47b26535","4","5","0","","Abierta","Y","","N","","","",
"15,410","727487d6","","9625351","En proceso","","","","","ADECCO COLOMBIA S A","ADECCO COLOMBIA S A","Externo","860,050,906","5/28/2026 10:00:04 AM","","","","","","","","","Arnol Giovani Ortiz Rodríguez","Cédula de Ciudadanía","1077089281","","AYUDANTE","geortiz56@gmail.com","3195581501","CUNDINAMARCA-SOPÓ","SOPO","","","Nuevo","","Y","Virtual","MARÍA FERNANDA PÉREZ GUATIBONZA","Y","Antecedentes.1","Y","Y","Y","N","MARÍA FERNANDA PÉREZ GUATIBONZA","MARÍA FERNANDA PÉREZ GUATIBONZA","N","","","","Solicitado por:Gynna Aya","N","N","Antec + Referencia Académica + laboral + Visita virtual +","Paquete","0.00","128,239.00","128,239.00","","","","","nykole.bolaos@co.g4s.com","poligrafias.confiabilidad@co.g4s.com","5/28/2026 10:00:31 AM","No Generado","","Masivo","5/28/2026","5/28/2026","5/28/2026","","","5/28/2026","5/28/2026","5/28/2026","","","","","","","","","","","","","","","5/28/2026 10:00:04 AM","","5/28/2026 10:00:04 AM","","5/28/2026 10:00:04 AM","","5/28/2026 10:00:04 AM","","5/28/2026 10:00:04 AM","","","","","","","","","","","","","0a957be6 , 5d39a2cc , c7ebebab , d9952a91","5/28/2026","","","","N","","1","d535b79f","4","5","0","","Abierta","Y","","N","","","",
"15,921","7676186e","","36470200690","En proceso","","","","","G4S SUROCCIDENTE","G4S SUROCCIDENTE","Interno","860,013,951","5/28/2026 10:18:10 AM","","","","SECURE","017-GUARDAS DE SEGURIDAD","012-VIGILANCIA","","7","ANYELA PATRICIA BARONA AMBUILA","Cédula de Ciudadanía","1144178434","","AUXILIAR  CAPACITACION","","3113215513","VALLE DEL CAUCA-CALI","CALI","","","Nuevo","","N","","","Y","Antecedentes.1","N","","","","","","N","","","","","N","","Antec +","Individual","","25,000.00","25,000.00","","","","","luisa.pinzon@co.g4s.com","poligrafias.confiabilidad@co.g4s.com","5/28/2026 10:27:39 AM","No Generado","","_LISTO__LISTO__LISTO__LISTO_","5/28/2026","","","","","","5/29/2026","","","","","","","","","","","","","","","","5/28/2026 10:18:10 AM","","5/28/2026 10:18:10 AM","","5/28/2026 10:18:10 AM","","5/28/2026 10:18:10 AM","","5/28/2026 10:18:10 AM","","","","","","","","","","","","","0efe7fe4","5/28/2026","","","2bc248d5","N","","0","","1","5","0","","Abierta","Y","","N","","","",
"16,093","77e58c5f","","7301519","En proceso","","","","","ADECCO COLOMBIA S A","ADECCO COLOMBIA S A","Externo","860,050,906","5/28/2026 10:42:02 AM","","","","","","","","","Keiner  Jesus Narvaez  Torres","Cédula de Ciudadanía","1010143258","","AYUDANTE","Keinernarvaez49@gmail.com","3245481653","ATLANTICO-GALAPA","GALAPA","","","Nuevo","","Y","Virtual","MARÍA FERNANDA PÉREZ GUATIBONZA","Y","Antecedentes.1","Y","Y","Y","N","MARÍA FERNANDA PÉREZ GUATIBONZA","MARÍA FERNANDA PÉREZ GUATIBONZA","N","","","","Solicitado por:
Yirnory Viuche Carvajal","N","N","Antec + Referencia Académica + laboral + Visita virtual +","Paquete","0.00","128,239.00","128,239.00","","","","","nykole.bolaos@co.g4s.com","poligrafias.confiabilidad@co.g4s.com","5/28/2026 10:42:31 AM","No Generado","","Masivo","5/28/2026","5/28/2026","5/28/2026","","","5/28/2026","5/28/2026","5/28/2026","","","","","","","","","","","","","","","5/28/2026 10:42:02 AM","","5/28/2026 10:42:02 AM","","5/28/2026 10:42:02 AM","","5/28/2026 10:42:02 AM","","5/28/2026 10:42:02 AM","","","","","","","","","","","","","0fa07b76 , 5ed37da4 , a3c15160 , abfd1ec6","5/28/2026","","","","N","","1","0ba4cc8d","4","5","0","","Abierta","Y","","N","","","",
"17,299","80aa10db","","2568673","En proceso","","","","","ADECCO COLOMBIA S A","ADECCO COLOMBIA S A","Externo","860,050,906","5/28/2026 10:01:02 AM","","","","","","","","","Yeison  Andres Muñoz  Zamudio","Cédula de Ciudadanía","1069154432","","AYUDANTE","Myeison99@gmail.com","3193374438","BOGOTA D.C.-BOGOTA D.C.","BOGOTA","","","Nuevo","","Y","Virtual","MARÍA FERNANDA PÉREZ GUATIBONZA","Y","Antecedentes.1","Y","Y","Y","N","MARÍA FERNANDA PÉREZ GUATIBONZA","MARÍA FERNANDA PÉREZ GUATIBONZA","N","","","","Solicitado por: Yirnory Viuche Carvajal","N","N","Antec + Referencia Académica + laboral + Visita virtual +","Paquete","0.00","128,239.00","128,239.00","","","","","nykole.bolaos@co.g4s.com","poligrafias.confiabilidad@co.g4s.com","5/28/2026 10:01:35 AM","No Generado","","Masivo","5/28/2026","5/28/2026","5/28/2026","","","5/28/2026","5/28/2026","5/28/2026","","","","","","","","","","","","","","","5/28/2026 10:01:02 AM","","5/28/2026 10:01:02 AM","","5/28/2026 10:01:02 AM","","5/28/2026 10:01:02 AM","","5/28/2026 10:01:02 AM","","","","","","","","","","","","","5dc1bd04 , 876aab63 , 9a22acea , e09af848","5/28/2026","","","","N","","1","66e234e4","4","5","0","","Abierta","Y","","N","","","",
"18,188","87d6d593","","36421902691","En proceso","","","","","G4S CENTRO ORIENTE BOGOTA","G4S CENTRO ORIENTE BOGOTA","Interno","860,013,951","5/28/2026 11:07:38 AM","","","","SECURE","053-SEGURIDAD","012-VIGILANCIA","","2","Pedro Julio Rodriguez Montoya","Cédula de Ciudadanía","1022943827","8/8/2006","SUPERVISOR","juliorodriguez548@hotmail.com","3112146566","BOGOTA D.C.-BOGOTA D.C.","CIUDAD BOLIVAR","","","Nuevo","","N","","","Y","Antecedentes.1","N","","","","","","N","","","","","N","N","Antec +","Individual","","25,000.00","25,000.00","","","","","t3.expro.laura.dorado@co.g4s.com","poligrafias.confiabilidad@co.g4s.com","5/28/2026 11:12:59 AM","No Generado","","_LISTO__LISTO__LISTO__LISTO_","5/28/2026","","","","","","5/29/2026","","","","","","","","","","","","","","","","5/28/2026 11:07:38 AM","","5/28/2026 11:07:38 AM","","5/28/2026 11:07:38 AM","","5/28/2026 11:07:38 AM","","5/28/2026 11:07:38 AM","","","","","","","","","","","","","2850ac7d , b145d961 , fd0334c5","5/28/2026","","","237e2d67 , 6095cf6a","N","","0","","3","5","0","","Abierta","Y","","N","","","",
"18,402","89591554","","7660823","En proceso","","","","","ADECCO COLOMBIA S A","ADECCO COLOMBIA S A","Externo","860,050,906","5/28/2026 10:02:01 AM","","","","","","","","","Jovani Conda Lis","Cédula de Ciudadanía","1059846524","","AYUDANTE CALIDAD","jovaniconda@gmail.com","3508381819","CUNDINAMARCA-FACATATIVÁ","FACA","","","Nuevo","","Y","Virtual","MARÍA FERNANDA PÉREZ GUATIBONZA","Y","Antecedentes.1","Y","Y","Y","N","MARÍA FERNANDA PÉREZ GUATIBONZA","MARÍA FERNANDA PÉREZ GUATIBONZA","N","","","","Solicitado por:Gynna Aya","N","N","Antec + Referencia Académica + laboral + Visita virtual +","Paquete","0.00","128,239.00","128,239.00","","","","","nykole.bolaos@co.g4s.com","poligrafias.confiabilidad@co.g4s.com","5/28/2026 10:02:19 AM","No Generado","","Masivo","5/28/2026","5/28/2026","5/28/2026","","","5/28/2026","5/28/2026","5/28/2026","","","","","","","","","","","","","","","5/28/2026 10:02:01 AM","","5/28/2026 10:02:01 AM","","5/28/2026 10:02:01 AM","","5/28/2026 10:02:01 AM","","5/28/2026 10:02:01 AM","","","","","","","","","","","","","200fcded , 8c73cfbd , d749557d , d99033fc","5/28/2026","","","","N","","1","a5f464b1","4","5","0","","Abierta","Y","","N","","","",
"12,563","5d8c9d5a","","9036515","En proceso","","","","","ADECCO COLOMBIA S A","ADECCO COLOMBIA S A","Externo","860,050,906","5/28/2026 10:41:01 AM","","","","","","","","","Mauricio Rene Paz Fang","Cédula de Ciudadanía","1047037473","","AYUDANTE","mauricio3131@gmail.com","3023013212","ATLANTICO-GALAPA","GALAPA","","","Nuevo","","Y","Virtual","MARÍA FERNANDA PÉREZ GUATIBONZA","Y","Antecedentes.1","Y","Y","Y","N","MARÍA FERNANDA PÉREZ GUATIBONZA","MARÍA FERNANDA PÉREZ GUATIBONZA","N","","","","Solicitado por:
Yirnory Viuche Carvajal","N","N","Antec + Referencia Académica + laboral + Visita virtual +","Paquete","0.00","128,239.00","128,239.00","","","","","nykole.bolaos@co.g4s.com","poligrafias.confiabilidad@co.g4s.com","5/28/2026 10:41:20 AM","No Generado","","Masivo","5/28/2026","5/28/2026","5/28/2026","","","5/28/2026","5/28/2026","5/28/2026","","","","","","","","","","","","","","","5/28/2026 10:41:01 AM","","5/28/2026 10:41:01 AM","","5/28/2026 10:41:01 AM","","5/28/2026 10:41:01 AM","","5/28/2026 10:41:01 AM","","","","","","","","","","","","","a07a57a0 , ab2da3de , ad9004fb , f2f099f6","5/28/2026","","","","N","","1","e2ae8e7c","4","5","0","","Abierta","Y","","N","","","",
"36,232","XA1XV9VV","","9619349","En proceso","","","","","prueba externo","prueba externo","Externo","434,554","5/28/2026 8:25:02 AM","","","","","","","","","Juliana Herrera","Cédula de Ciudadanía","1098765432","","Operador Medios","juliana.herrera@test.com","3009998877","BOGOTA D.C.-BOGOTA D.C.","Calle 22 # 5-50","","","Nuevo","","Y","Virtual","andres.quintero@co.g4s.com","Y","Antecedentes.1","Y","Y","Y","N","andres.quintero@co.g4s.com","andres.quintero@co.g4s.com","N","","","","Prueba 15","Y","N","Antec + Referencia Académica + laboral + Visita virtual + datacredito +","Individual","","0.00","0.00","","","","","jhoan.gaitan@co.g4s.com","","5/28/2026 8:25:22 AM","No Generado","","Masivo","5/28/2026","5/28/2026","5/28/2026","","","5/28/2026","5/28/2026","5/28/2026","","","","","","","","","","","","","","","5/28/2026 8:25:02 AM","","5/28/2026 8:25:02 AM","","5/28/2026 8:25:02 AM","","5/28/2026 8:25:02 AM","","5/28/2026 8:25:02 AM","","","","","","","","","","","","","24a85300 , 31d783d4 , 355df39d , d4099099","5/28/2026","","","","N","","1","602fa464","4","5","0","","Abierta","Y","","N","","","",
